Date,Title,Short Description,Link
9 September 2024,TEN-T Corridor Coordinators,"Nine European Coordinators have been designated today to help complete the trans-European transport network (TEN-T), a vast infrastructure network of railways, roads, and inland waterways connecting the European Union.",https://transport.ec.europa.eu/news-events/news/ten-t-corridor-coordinators-2024-09-09_en
29 August 2024,"Sustainable Transport Forum - new sub-groups on hydrogen infrastructure, zero-emission heavy-duty vehicles and public key infrastructure for e-mobility","In the wake of the adoption of the new Alternative Fuels Infrastructure Regulation (AFIR), the European Commission has set up three new sub-groups under the Sustainable Transport Forum (STF) expert group.",https://transport.ec.europa.eu/news-events/news/sustainable-transport-forum-new-sub-groups-hydrogen-infrastructure-zero-emission-heavy-duty-vehicles-2024-08-29_en
14 August 2024,Solidarity Lanes: Latest figures – July 2024,Latest figures on Ukrainian exports and imports via the EU-Ukraine Solidarity Lanes: new transport routes established in the face of Russia’s war of aggression against Ukraine.,https://transport.ec.europa.eu/news-events/news/solidarity-lanes-latest-figures-july-2024-2024-08-14_en
31 July 2024,Commission enforces temporary restrictions on liquid screening at certain EU airports,The Commission will temporarily enforce restrictions on liquid screening at EU airports utilising Explosive Detection Systems for Cabin Baggage (EDSCB).,https://transport.ec.europa.eu/news-events/news/commission-enforces-temporary-restrictions-liquid-screening-certain-eu-airports-2024-07-31_en
29 July 2024,European Commission launches Ship Financing Portal to boost the maritime sector's green transition,"The Ship Financing Portal, designed to improve access to financing for the shipping sector and the wider maritime industry, is now online!",https://transport.ec.europa.eu/news-events/news/european-commission-launches-ship-financing-portal-boost-maritime-sectors-green-transition-2024-07-29_en
25 July 2024,July infringement package: key decisions,July infringement package: key decisions,https://transport.ec.europa.euhttps://ec.europa.eu/commission/presscorner/detail/en/inf_24_3228
23 July 2024,FuelEU Maritime Regulation: Q&A on implementation,"As the maritime sector prepares for the FuelEU Maritime Regulation, a new Commission document answers key questions on its implementation.",https://transport.ec.europa.eu/news-events/news/fueleu-maritime-regulation-qa-implementation-2024-07-23_en
22 July 2024,Solidarity Lanes: Latest figures – June 2024,Latest figures on Ukrainian exports and imports via the EU-Ukraine Solidarity Lanes: new transport routes established in the face of Russia’s war of aggression against Ukraine.,https://transport.ec.europa.eu/news-events/news/solidarity-lanes-latest-figures-june-2024-2024-07-22_en
22 July 2024,Commission publishes new guidelines for more clarity on air passenger rights,"While more citizens of the European Union are aware of their EU passenger rights than was the case five years ago, the majority do not consider that they have enough information, according to the results of a Eurobarometer survey released today.",https://transport.ec.europa.eu/news-events/news/commission-publishes-new-guidelines-more-clarity-air-passenger-rights-2024-07-22_en
17 July 2024,"EU invests record €7 billion in sustainable, safe and smart transport infrastructure","The Commission has selected 134 projects to receive over €7 billion in EU grants from the Connecting Europe Facility (CEF), the EU's programme for investment in transport infrastructure.",https://transport.ec.europa.eu/news-events/news/eu-invests-record-eu7-billion-sustainable-safe-and-smart-transport-infrastructure-2024-07-17_en
2 July 2024,Solidarity Lanes: Latest figures – May 2024,Latest figures on Ukrainian exports and imports via the EU-Ukraine Solidarity Lanes: new transport routes established in the face of Russia’s war of aggression against Ukraine.,https://transport.ec.europa.eu/news-events/news/solidarity-lanes-latest-figures-may-2024-2024-07-02_en
27 June 2024,"EU and ICAO strengthen commitment to global aviation safety, security, and sustainability","The EU and the ICAO have reaffirmed their commitment to enhancing global aviation safety, security, and sustainability during a meeting at ICAO Headquarters in Montreal on 26 June.",https://transport.ec.europa.eu/news-events/news/eu-and-icao-strengthen-commitment-global-aviation-safety-security-and-sustainability-2024-06-27_en
27 June 2024,New EU Transport Report: Current trends and issues,"The European Commission has released an overview of the latest developments in the EU transport sector, highlighting trends and issues for both the EU and individual Member States.",https://transport.ec.europa.eu/news-events/news/new-eu-transport-report-current-trends-and-issues-2024-06-27_en
25 June 2024,Urban public transport – New set of recommendations adopted by the Expert Group on Urban Mobility (EGUM),"The Commission’s Expert Group on Urban Mobility (EGUM) has adopted recommendations on complementing public transport with shared mobility, and on using the Social Climate Fund to support public transport.",https://transport.ec.europa.eu/news-events/news/urban-public-transport-new-set-recommendations-adopted-expert-group-urban-mobility-egum-2024-06-25_en
25 June 2024,EU-Ukraine Solidarity Lanes: EU-funded scanners increase capacity at Hungarian-Ukrainian border,"A new EU-funded mobile cargo scanner was delivered today to the border crossing point in Chop at the Hungarian-Ukrainian border, in a bid to improve the flow of trade across Ukraine’s borders. Valued at approximately €2.5 million, the donation is part of the EU-Ukraine Solidarity Lanes.",https://transport.ec.europa.eu/news-events/news/eu-ukraine-solidarity-lanes-eu-funded-scanners-increase-capacity-hungarian-ukrainian-border-2024-06-25_en
20 June 2024,Europeans are generally positive towards e-mobility,A large survey by the European Alternative Fuels Observatory (EAFO) in twelve EU Member States shows a positive attitude towards switching to battery-electric cars.,https://transport.ec.europa.eu/news-events/news/europeans-are-generally-positive-towards-e-mobility-2024-06-20_en
20 June 2024,EU and Ukraine update and extend Road Transport Agreement,"The EU and Ukraine decided today to prolong and update their current road transport Agreement. Implemented due to lost transport routes and export markets east of Ukraine caused by the Russian aggression, the agreement supports the EU-Ukraine Solidarity Lanes.",https://transport.ec.europa.eu/news-events/news/eu-and-ukraine-update-and-extend-road-transport-agreement-2024-06-20_en
13 June 2024,A sustainable and resilient transport network bringing Europe closer together,The Commission welcomes the final adoption of the Regulation underpinning the trans-European transport network (TEN-T) by the European Parliament and the Council.,https://transport.ec.europa.eu/news-events/news/sustainable-and-resilient-transport-network-bringing-europe-closer-together-2024-06-13_en
10 June 2024,European Union signs aviation agreement with the People's Republic of Bangladesh,The European Union and Bangladesh have signed a Horizontal Aviation Agreement,https://transport.ec.europa.euhttps://ec.europa.eu/commission/presscorner/detail/en/IP_24_3143
23 May 2024,May infringements package: key decisions,May infringements package: key decisions,https://transport.ec.europa.euhttps://ec.europa.eu/commission/presscorner/detail/en/inf_24_2422
22 May 2024,"Two years of Solidarity Lanes have brought the EU, Ukraine and Moldova closer together","Two years ago, in May 2022, the Commission, in collaboration with Ukraine and Moldova, created the Solidarity Lanes to help improve the EU–Ukraine–Moldova transport routes in response to Russia’s illegal full-scale invasion of Ukraine.",https://transport.ec.europa.eu/news-events/news/two-years-solidarity-lanes-have-brought-eu-ukraine-and-moldova-closer-together-2024-05-22_en
17 May 2024,Solidarity Lanes: improving the Danube routes together,"Representatives of Moldova, Romania, Ukraine, the United States  and the European Commission gathered today in Chisinau, continuing their work together to improve trade routes through the Solidarity Lanes along the Danube corridor.",https://transport.ec.europa.eu/news-events/news/solidarity-lanes-improving-danube-routes-together-2024-05-17_en
16 May 2024,EU supports improved Ukrainian–Moldovan border crossing cooperation as part of Solidarity Lanes,"Today the European Commission, together with Ukraine, Moldova, Romania and the US are inaugurating the renewed Ukrainian-Moldovan border crossing point in Reni, Ukraine, as part of the Solidarity Lanes initiative.",https://transport.ec.europa.eu/news-events/news/eu-supports-improved-ukrainian-moldovan-border-crossing-cooperation-part-solidarity-lanes-2024-05-16_en
16 May 2024,Solidarity Lanes: Latest figures – April 2024,Latest figures on Ukrainian exports and imports via the EU-Ukraine Solidarity Lanes: new transport routes established in the face of Russia’s war of aggression against Ukraine.,https://transport.ec.europa.eu/news-events/news/solidarity-lanes-latest-figures-april-2024-2024-05-16_en
14 May 2024,Commission adopts reasoned opinion in case brought by Italy against Austria on road transport,The Commission today adopted a reasoned opinion in a procedure brought by Italy against Austria under Article 259 of the Treaty on the Functioning of the European Union.,https://transport.ec.europa.euhttps://ec.europa.eu/commission/presscorner/detail/en/mex_24_2601
30 April 2024,Excellence in Road Safety Awards 2024: applications now open,"Today, the European Road Safety Charter, the largest civil platform dedicated to road safety and led by the European Commission, opened applications for the 2024 Excellence in Road Safety Awards.",https://transport.ec.europa.eu/news-events/news/excellence-road-safety-awards-2024-applications-now-open-2024-04-30_en
24 April 2024,April infringement package: key decisions,April infringement package: key decisions,https://transport.ec.europa.euhttps://ec.europa.eu/commission/presscorner/detail/en/inf_24_1941
22 April 2024,Urban Vehicle Access Regulations (UVARs) – recommendations by the Expert Group on Urban Mobility,The Expert Group on Urban Mobility (EGUM) has adopted its recommendations on Urban Vehicle Access Regulations .,https://transport.ec.europa.eu/news-events/news/urban-vehicle-access-regulations-uvars-recommendations-expert-group-urban-mobility-2024-04-22_en
17 April 2024,Commission and EU rail sector launch Women in Rail Award 2024,"The award, divided into three categories, aims to promote fairness, diversity, and equality, and to celebrate outstanding and inspiring women and their achievements in the rail sector.",https://transport.ec.europa.eu/news-events/news/commission-and-eu-rail-sector-launch-women-rail-award-2024-2024-04-17_en
16 April 2024,Solidarity Lanes: Latest figures – March 2024,"In the face of Russia’s war of aggression against Ukraine, the EU, together with Ukraine and Moldova launched the EU-Ukraine Solidarity Lanes in May 2022, establishing new transport routes to keep Ukraine’s imports and exports flowing via rail, road and inland waterways.",https://transport.ec.europa.eu/news-events/news/solidarity-lanes-latest-figures-march-2024-2024-04-16_en
12 April 2024,Alternative Fuels Infrastructure Regulation: Q&A on operating recharging infrastructure,"The Alternative Fuels Infrastructure Regulation (AFIR), comes into force on 13 April 2024, supporting the transition towards more sustainable transport by setting obligatory targets for the rollout of recharging and refuelling transport infrastructure.",https://transport.ec.europa.eu/news-events/news/alternative-fuels-infrastructure-regulation-qa-operating-recharging-infrastructure-2024-04-12_en
10 April 2024,EU boosts zero-emission mobility with over €424 million in funding for 42 projects,The Commission is announcing the selection of 42 new projects deploying alternative fuels infrastructure that will receive over €424 million in EU support.,https://transport.ec.europa.eu/news-events/news/eu-boosts-zero-emission-mobility-over-eu424-million-funding-42-projects-2024-04-10_en
10 April 2024,Commission paves way for safe integration of ‘air taxis' and other innovative drone uses,The Commission adopted a set of measures to address the unique safety challenges of new emerging air mobility concepts and services and ensure that their operations will be as safe as those in manned aviation.,https://transport.ec.europa.eu/news-events/news/commission-paves-way-safe-integration-air-taxis-and-other-innovative-drone-uses-2024-04-10_en
4 April 2024,New interactive page showcases positive impact of CEF Transport,"As part of the activities linked to the tenth anniversary of the Connecting Europe Facility (CEF) Programme, CINEA launched a new interactive web-page to showcase the contribution of the CEF for Transport Programme to greening and decarbonising the transport sector.",https://transport.ec.europa.euhttps://cinea.ec.europa.eu/news-events/news/new-interactive-page-showcases-positive-impact-cef-transport-2024-04-04_en
3 April 2024,EU institutions commit to boost cycling across Europe,The EU is taking another important step in reducing transport emissions by adopting the European Declaration on Cycling,https://transport.ec.europa.eu/news-events/news/eu-institutions-commit-boost-cycling-across-europe-2024-04-03_en
3 April 2024,Participatory conference on labour market developments and labour shortages in the transport sector in the European Union,The Commission organises a participatory conference to enable discussions with and between relevant stakeholders on labour market developments,https://transport.ec.europa.eu/news-events/news/participatory-conference-labour-market-developments-and-labour-shortages-transport-sector-european-2024-04-03_en
2 April 2024,Call for applications for the selection of members of the European ITS Advisory Group,The Commission’s Directorate-General for Mobility and Transport has launched a call for applications to select new members of the European ITS Advisory Group,https://transport.ec.europa.eu/news-events/news/call-applications-selection-members-european-its-advisory-group-2024-04-02_en
2 April 2024,Commissioner Vălean kicks off the Connecting Europe Days,"The Commissioner for Transport, Adina Vălean, is participating in the four-day Connecting Europe Days taking place in Brussels from 2 to 5 April 2024",https://transport.ec.europa.eu/news-events/news/commissioner-valean-kicks-connecting-europe-days-2024-04-02_en
26 March 2024,EU and Moldova extend Road Transport Agreement until 31 December 2025,The EU and Moldova decided today to extend the validity of their current road transport Agreement until 31 December 2025. The Agreement aims at helping Moldova access world markets by facilitating transit through EU countries and also further developing its links with the EU market.,https://transport.ec.europa.euhttps://ec.europa.eu/commission/presscorner/detail/en/IP_24_1721
22 March 2024,"EU and Ukraine continue strengthening Solidarity Lanes and cooperation on connectivity, safety and sustainability of transport","The third high-level meeting of the EU-Ukraine Transport Dialogue took place yesterday in Kyiv, focusing on efforts to keep Ukraine's exports and imports moving via the Solidarity Lanes, improving connectivity, safety and security as well as sustainability.",https://transport.ec.europa.eu/news-events/news/eu-and-ukraine-continue-strengthening-solidarity-lanes-and-cooperation-connectivity-safety-and-2024-03-22_en
21 March 2024,"Honours for Diversity and Inclusion in Maritime, 8 March 2024","The Belgian EU Presidency hosted the 'Conference on the Wellbeing of Seafarers' on International Women’s Day, March 8, 2024, featuring the 'Honours for Diversity and Inclusion in Maritime' award ceremony.",https://transport.ec.europa.eu/news-events/news/honours-diversity-and-inclusion-maritime-8-march-2024-2024-03-21_en
21 March 2024,Solidarity Lanes: Latest figures – February 2024,"In the face of Russia’s war of aggression against Ukraine, the EU, together with Ukraine and Moldova launched the EU-Ukraine Solidarity Lanes in May 2022, establishing new transport routes to keep Ukraine’s imports and exports flowing via rail, road and inland waterways.",https://transport.ec.europa.eu/news-events/news/solidarity-lanes-latest-figures-february-2024-2024-03-21_en
15 March 2024,Budapest and online platform Nudgd recognised for green mobility activities in the European urban mobility awards,"Budapest was awarded the European Mobility Week Award in a ceremony in Brussels last night, while online platform Nudgd won the Mobility Action award.",https://transport.ec.europa.eu/news-events/news/budapest-and-online-platform-nudgd-recognised-green-mobility-activities-european-urban-mobility-2024-03-15_en
13 March 2024,Provisional agreement on better cross-border enforcement of road safety traffic rules,The Commission welcomes the political agreement reached last night between the European Parliament and the Council on facilitating the enforcement of road traffic rules across borders.,https://transport.ec.europa.euhttps://ec.europa.eu/commission/presscorner/detail/en/IP_24_1401
13 March 2024,March infringements package: key decisions,March infringements package: key decisions,https://transport.ec.europa.euhttps://ec.europa.eu/commission/presscorner/detail/en/inf_24_663
8 March 2024,2023 figures show stalling progress in reducing road fatalities in too many countries,"Road safety in the EU 2023: Around 20 400 people were killed in road crashes last year, a small 2% decrease on 2022.",https://transport.ec.europa.eu/news-events/news/2023-figures-show-stalling-progress-reducing-road-fatalities-too-many-countries-2024-03-08_en
8 March 2024,Save the date for the next edition of the EU Women in Rail Awards!,"This April, the European Commission, together with Europe’s Rail, the European Union Agency for Railways, CER, UNIFE and ALE will launch the next edition of the EU Women in Rail Awards.",https://transport.ec.europa.eu/news-events/news/save-date-next-edition-eu-women-rail-awards-2024-03-08_en
5 March 2024,Commission proposes to prolong road transport agreements with Ukraine and Moldova and introduces updates to the agreement with Ukraine,"The proposals, sent to the Council today, include updates to the agreement with Ukraine to improve its practical implementation and enforcement while maintaining its objectives and scope.",https://transport.ec.europa.euhttps://ec.europa.eu/commission/presscorner/detail/en/ip_24_1305
29 February 2024,Commission makes €1bn available for recharging and refuelling points under the Connecting Europe Facility (CEF),The Commission is launching a call for proposals under the Connecting Europe Facility – Alternative Fuels Infrastructure Facility (AFIF),https://transport.ec.europa.eu/news-events/news/commission-makes-eu1bn-available-recharging-and-refuelling-points-under-connecting-europe-facility-2024-02-29_en
28 February 2024,Public workshop: adoption of new ITS Working Programme 2024-2028,On 19 March 2024 the European Commission will organise a stakeholder workshop via videoconference to discuss the new Working Programme of the ITS Directive for the period 2024-2028.,https://transport.ec.europa.euhttps://transport.ec.europa.eu/news-events/events/public-workshop-adoption-new-its-working-programme-2024-2028-2024-03-19_en
27 February 2024,Recording available: Academic conference on future of EU mobility and transport,"On 21 February 2024, the European Commission organised an all-day academic conference on the state of play on EU transport policy and the challenges and priorities for the future of EU transport and mobility. In case you missed it, you can still watch the recording!",https://transport.ec.europa.eu/news-events/news/recording-available-academic-conference-future-eu-mobility-and-transport-2024-02-27_en
27 February 2024,Commission welcomes provisional agreement modernising ship inspections and oversight,"The Commission welcomes the political agreement reached between the European Parliament and the Council on updating the requirements for the Port State Control of vessels calling at EU ports, and on the flag State requirements for merchant vessels registered in EU Member States.",https://transport.ec.europa.euhttps://ec.europa.eu/commission/presscorner/detail/en/IP_24_1182
21 February 2024,Extraordinary G7 Transport Ministerial welcomes EU maritime operation to safeguard Red Sea maritime security,G7 Transport Ministers expressed strong condemnation of the attacks carried out by the Houthis against commercial vessels and navy ships in the Red Sea and Gulf of Aden.,https://transport.ec.europa.eu/news-events/news/extraordinary-g7-transport-ministerial-welcomes-eu-maritime-operation-safeguard-red-sea-maritime-2024-02-21_en
16 February 2024,Commission welcomes provisional agreement on tackling ship-source pollution to help make European seas cleaner,The Commission welcomes the political agreement between the European Parliament and the Council on the amendment of Directive 2005/35/EC on ship-source pollution and on the introduction of penalties for pollution offences.,https://transport.ec.europa.eu/news-events/news/commission-welcomes-provisional-agreement-tackling-ship-source-pollution-help-make-european-seas-2024-02-16_en
15 February 2024,Commission welcomes provisional agreement modernising maritime accident investigations,"The Commission welcomes the political agreement reached today between the European Parliament and the Council on the investigation of maritime accidents, modernising a 2009 Directive.",https://transport.ec.europa.euhttps://ec.europa.eu/commission/presscorner/detail/en/ip_24_727
12 February 2024,Focus on urban public transport – first set of recommendations adopted by the Expert Group on Urban Mobility (EGUM),"During its last plenary meeting on 16 January the Commission Expert Group on Urban Mobility (EGUM) adopted its first set of recommendations to the European Commission, primarily influenced by the recent work of the EGUM members on public transport and shared mobility.",https://transport.ec.europa.eu/news-events/news/focus-urban-public-transport-first-set-recommendations-adopted-expert-group-urban-mobility-egum-2024-02-12_en
6 February 2024,EU and Moldova launch high-level dialogue on transport,"In a bid to strengthen cooperation in the transport field, Commissioner Adina Vălean and Moldova’s Minister for Infrastructure and Regional Development Andrei Spînu today launched the EU-Moldova high-level dialogue on transport.",https://transport.ec.europa.euhttps://ec.europa.eu/commission/presscorner/detail/en/mex_24_674
29 January 2024,Global Gateway: €10 billion commitment to invest in Trans Caspian Transport Corridor connecting Europe and Central Asia announced at Investors Forum,Executive Vice President Valdis Dombrovskis announced that European and international financial institutions present at the Forum will commit €10 billion in support and investments towards sustainable transport connectivity in Central Asia.,https://transport.ec.europa.euhttps://ec.europa.eu/commission/presscorner/detail/en/ip_24_501
29 January 2024,Commission proposes to modernise river information services in EU,The Commission adopted a proposal to improve traffic management on the EU’s rivers and canals.,https://transport.ec.europa.eu/news-events/news/commission-proposes-modernise-river-information-services-eu-2024-01-29_en
25 January 2024,New report comparing air traffic management performance in Europe and the United States published,"In the ongoing series of comparative reports between Europe and the US, the most recent update looks at operational as well as economic air traffic management (ATM) performance.",https://transport.ec.europa.eu/news-events/news/new-report-comparing-air-traffic-management-performance-europe-and-united-states-published-2024-01-25_en
25 January 2024,"STF: Call for applications for new sub-groups on hydrogen infrastructure, zero-emission heavy-duty vehicles and e-mobility Public Key Infrastructure",Sustainable Transport Forum – new calls for applications,https://transport.ec.europa.eu/news-events/news/stf-call-applications-new-sub-groups-hydrogen-infrastructure-zero-emission-heavy-duty-vehicles-and-e-2024-01-25_en
24 January 2024,Commission supports military mobility projects with €807 million,The Commission will fund 38 additional military mobility projects to support the transport of troops and equipment along the trans-European transport network (TEN-T).,https://transport.ec.europa.eu/news-events/news/commission-supports-military-mobility-projects-eu807-million-2024-01-24_en
23 January 2024,New deadline for the call for applications for the selection of members of the Digital Transport and Logistics Forum (DTLF),Deadline for the call for applications for the selection of members of the Digital Transport and Logistics Forum (DTLF) extended.,https://transport.ec.europa.eu/news-events/news/new-deadline-call-applications-selection-members-digital-transport-and-logistics-forum-dtlf-2024-01-23_en
22 January 2024,Save the date: Global TBO Symposium (4-6 June 2024),Towards global trajectory-based operations (TBO),https://transport.ec.europa.euhttps://transport.ec.europa.eu/news-events/events/global-tbo-symposium-2024-06-04_en
19 January 2024,European Commission workshop addresses key challenges in seafaring profession,"Decarbonisation, digitalisation, social security and wellbeing at sea were the key topics on the agenda of the workshop for the seafaring profession on 17 January.",https://transport.ec.europa.eu/news-events/news/european-commission-workshop-addresses-key-challenges-seafaring-profession-2024-01-19_en
16 January 2024,“Europe for Aviation” teams up for Airspace World 2024,"The “Europe for Aviation” partners, consisting of nine European aviation organisations working to promote the modernisation, sustainability, and resilience of a safe European aviation, will come together at Airspace World, from 19-21 March 2024 in Geneva, Switzerland.",https://transport.ec.europa.eu/news-events/news/europe-aviation-teams-airspace-world-2024-2024-01-16_en
21 December 2023,December Infringements package: key decisions,December Infringements package: key decisions,https://transport.ec.europa.euhttps://ec.europa.eu/commission/presscorner/detail/en/inf_23_6211
19 December 2023,Provisional agreement on more sustainable and resilient trans-European transport network brings Europe closer together,TEN-T Trilogue,https://transport.ec.europa.eu/news-events/news/provisional-agreement-more-sustainable-and-resilient-trans-european-transport-network-brings-europe-2023-12-19_en
18 December 2023,Joint Statement on Higher Airspace Operations (HAO),"Joint Statement on Higher Airspace Operations (HAO) by the EU, the US, Canada, Japan, and the UK.",https://transport.ec.europa.eu/news-events/news/joint-statement-higher-airspace-operations-hao-2023-12-18_en
15 December 2023,Moldova receives additional funding to improve rail infrastructure and advance Solidarity Lanes,"The European Investment Bank has today signed a €41.2 million loan with Moldova, destined to improve internal transport connections as well as to provide long-term economic benefits to the wider region. This loan will be complemented by an EU grant of €12 million.",https://transport.ec.europa.euhttps://ec.europa.eu/commission/presscorner/detail/en/mex_23_6643
14 December 2023,Single European Sky: Performance Review Body publishes new reports prior to fourth reference period of performance and charging scheme (RP4),The Performance Review Body (PRB) of the Single European Sky has today published three reports on air navigation service costs.,https://transport.ec.europa.eu/news-events/news/single-european-sky-performance-review-body-publishes-new-reports-prior-fourth-reference-period-2023-12-14_en
14 December 2023,New website of the EU Urban Mobility Observatory,New website of the EU Urban Mobility Observatory,https://transport.ec.europa.euhttps://urban-mobility-observatory.transport.ec.europa.eu/index_en
13 December 2023,Call for applications for the selection of members of the Digital Transport and Logistics Forum (DTLF),The Commission is calling for applications with a view to selecting members for the DTLF other than Member States' authorities and other public entities.,https://transport.ec.europa.eu/news-events/news/call-applications-selection-members-digital-transport-and-logistics-forum-dtlf-2023-12-13_en
12 December 2023,No title,"Transport ministers from the Western Balkans, Georgia, Moldova, and Ukraine, as well as the European Commission, gathered at the annual Ministerial Council Meeting of the Transport Community in Skopje, North Macedonia, on 12 December 2023.",No link
11 December 2023,Statement by Commissioner for Transport Adina Vălean on the Poland–Ukraine border,"Commissioner for Transport Adina Vălean welcomed the re-opening of Dorohusk–Yahodyn border crossing point for freight transport, the most significant border crossing point between Poland and Ukraine.",https://transport.ec.europa.euhttps://ec.europa.eu/commission/presscorner/detail/en/statement_23_6540
6 December 2023,Open letter from European Transport Commissioner Adina Vălean on standardised weights and dimensions for hand luggage,Open letter from European Transport Commissioner Adina Vălean on standardised weights and dimensions for hand luggage,https://transport.ec.europa.eu/news-events/news/open-letter-european-transport-commissioner-adina-valean-standardised-weights-and-dimensions-hand-2023-12-06_en
1 December 2023,Call for experts for the Commission Expert Group on the Human Dimension of the Single European Sky (CEGHD),The Commission is calling for applications with a view to selecting members of the Expert Group on the Human Dimension of the Single European Sky.,https://transport.ec.europa.eu/news-events/news/call-experts-commission-expert-group-human-dimension-single-european-sky-ceghd-2023-12-01_en
1 December 2023,EU and Canada strengthen ties on maritime safety,The Commission and the Canadian Department of Transport signed a Memorandum of Cooperation that will improveinternational cooperation on maritime safety.,https://transport.ec.europa.eu/news-events/news/eu-and-canada-strengthen-ties-maritime-safety-2023-12-01_en
30 November 2023,Commission updates EU Air Safety List and bans Fly Baghdad from flying in the European Union,Aviation Safety: Commission adopts new EU Air Safety List – an air carrier certified in Iraq added,https://transport.ec.europa.eu/news-events/news/commission-updates-eu-air-safety-list-and-bans-fly-baghdad-flying-european-union-2023-11-30_en
29 November 2023,Passenger Mobility Package,The Commission adopted a series of proposals designed to improve the experience of passengers and travellers by strengthening their rights.,https://transport.ec.europa.eu/news-events/news/passenger-mobility-package-2023-11-29_en
24 November 2023,Commission welcomes new UN Aviation Agency global target for sustainable aviation fuels,The Commission welcomes the agreement on a global framework for sustainable aviation fuels and other cleaner aviation energy.,https://transport.ec.europa.eu/news-events/news/commission-welcomes-new-un-aviation-agency-global-target-sustainable-aviation-fuels-2023-11-24_en
16 November 2023,November infringement package: key decisions,November infringement package: key decisions,https://transport.ec.europa.euhttps://ec.europa.eu/commission/presscorner/detail/en/inf_23_5380
7 November 2023,European Commission adopts new proposal on combining transport modes for more sustainable freight,The proposal on combined transport aims to make freight transport more sustainable by improving the competitiveness of intermodal freight – the transportation of goods using two or more transport modes – vis-à-vis road-only transport.,https://transport.ec.europa.eu/news-events/news/european-commission-adopts-new-proposal-combining-transport-modes-more-sustainable-freight-2023-11-07_en
26 October 2023,EU signs grant agreements for transport infrastructure to better connect Moldova with EU,The Commission welcomes the signature of three grant agreements under the CEF for Transport worth almost €45 million to improve transport connections between Moldova and Romania along the TEN-T network.,https://transport.ec.europa.eu/news-events/news/eu-signs-grant-agreements-transport-infrastructure-better-connect-moldova-eu-2023-10-26_en
25 October 2023,No title,"European aviation leaders have come together in Valencia for the 12th edition of the ECAC/EU Dialogue, reaffirming their commitment to sustainable aviation.",No link
24 October 2023,"Smarter journey planners, better access for emergency services, and more sustainable transport thanks to revised Intelligent Transport Directive adopted today",The Commission welcomes the final approval of the revised Intelligent Transport Systems (ITS) Directive.,https://transport.ec.europa.eu/news-events/news/smarter-journey-planners-better-access-emergency-services-and-more-sustainable-transport-thanks-2023-10-24_en
19 October 2023,Q&A – Assistance to passengers for flight disruptions caused by the conflict in Israel,Q&A,https://transport.ec.europa.eu/news-events/news/qa-assistance-passengers-flight-disruptions-caused-conflict-israel-2023-10-19_en
19 October 2023,Excellence in Road Safety Awards: European Commission rewards best road safety projects,"The Commission is hosting the 2023 Excellence in Road Safety Awards. The awards recognise the best contributions by the European Road Safety Charter's community of organisations, authorities and companies towards safer roads across Europe.",https://transport.ec.europa.eu/news-events/news/excellence-road-safety-awards-european-commission-rewards-best-road-safety-projects-2023-10-19_en
19 October 2023,"Road safety: 20,640 people died in a road crash last year – progress remains too slow","The 20,640 deaths on EU roads last year represented a 4% increase in relation to 2021, as traffic levels recovered after the pandemic.",https://transport.ec.europa.eu/news-events/news/road-safety-20640-people-died-road-crash-last-year-progress-remains-too-slow-2023-10-19_en
18 October 2023,RLCF Alliance marks milestone in the pursuit of sustainable aviation and maritime fuels,"The second General Assembly of the RLCF Value Chain Industrial Alliance (RLCF) took place, heralding a significant step towards the production of sustainable and renewable aviation and waterborne fuels.",https://transport.ec.europa.eu/news-events/news/rlcf-alliance-marks-milestone-pursuit-sustainable-aviation-and-maritime-fuels-2023-10-18_en
18 October 2023,October infringement package: key decisions,October infringement package: key decisions,https://transport.ec.europa.euhttps://ec.europa.eu/commission/presscorner/detail/en/inf_23_4577
18 October 2023,Commission refers Spain to the Court of Justice of the European Union for failing to correctly transpose and apply EU rules establishing a single European railway area,The Commission decided to refer Spain to the Court of Justice of the European Union for failing to correctly transpose and apply Directive 2012/34/EU establishing a single European railway area.,https://transport.ec.europa.euhttps://ec.europa.eu/commission/presscorner/detail/en/IP_23_4817
9 October 2023,Single European Sky: annual monitoring shows impact of continued lack of air traffic management capacity with negative consequences for environment and climate,The Performance Review Body (PRB) has published the 2022 Annual Monitoring Report and Traffic Light System as part of its annual monitoring of the performance of the Member States of the Single European Sky (SES).,https://transport.ec.europa.eu/news-events/news/single-european-sky-annual-monitoring-shows-impact-continued-lack-air-traffic-management-capacity-2023-10-09_en
9 October 2023,"Final adoption of ReFuelEU Aviation completes ‘Fit for 55' legislation, putting EU on track to exceed 2030 targets",The Commission welcomes today's adoption of two final pillars of its ‘Fit for 55' legislative package for delivering the EU's 2030 climate targets.,https://transport.ec.europa.eu/news-events/news/final-adoption-refueleu-aviation-completes-fit-55-legislation-putting-eu-track-exceed-2030-targets-2023-10-09_en
4 October 2023,Commission proposes list of principles to boost cycling across Europe,"The proposal for a European Declaration on Cycling recognises cycling as a sustainable, accessible and inclusive, affordable and healthy means of transport, with strong added value for the EU economy.",https://transport.ec.europa.eu/news-events/news/commission-proposes-list-principles-boost-cycling-across-europe-2023-10-04_en
4 October 2023,Commissioner Vălean: Opening speech at Urban Mobility Days 2023,Commissioner Vălean: Opening speech at Urban Mobility Days 2023,https://transport.ec.europa.eu/news-events/news/commissioner-valean-opening-speech-urban-mobility-days-2023-2023-10-04_en
29 September 2023,Single European Sky: European Commission advised to prioritise environmental performance when setting performance targets for air navigation services,The Performance Review Body (PRB) for the Single European Sky (SES) has published its advice on EU-wide target ranges for the fourth reference period (2025 - 2029) of the SES performance and charging scheme.,https://transport.ec.europa.eu/news-events/news/single-european-sky-european-commission-advised-prioritise-environmental-performance-when-setting-2023-09-29_en
28 September 2023,September infringement package: key decisions,September infringement package: key decisions,https://transport.ec.europa.euhttps://ec.europa.eu/commission/presscorner/detail/en/inf_23_4367
27 September 2023,European Commission adopts 8th report on development of the rail market,"The eighth Rail Market Monitoring Report (RMMS) on the state of the EU rail market shows positive developments in 2019, before a significant change in traffic volumes in 2020 due to COVID-19.",https://transport.ec.europa.eu/news-events/news/european-commission-adopts-8th-report-development-rail-market-2023-09-27_en
26 September 2023,Sustainable transport: €7 billion available for key infrastructure projects under the Connecting Europe Facility (CEF),The Commission launches a call for proposals under the Connecting Europe Facility (CEF) for Transport.,https://transport.ec.europa.eu/news-events/news/sustainable-transport-eu7-billion-available-key-infrastructure-projects-under-connecting-europe-2023-09-26_en
15 September 2023,Single European Sky: new framework for interoperability rules,The Commission has adopted a new set of rules to better manage interoperability between the systems and constituents used to provide air traffic management (ATM) and air navigation services (ANS).,https://transport.ec.europa.eu/news-events/news/single-european-sky-new-framework-interoperability-rules-2023-09-15_en
15 September 2023,"European Mobility Week: 3,000 cities to showcase their approaches to sustainable urban mobility","Sustainable and energy-efficient mobility are the focus of this year’s European Mobility Week, which kicks off in 3000 towns and cities in 50 countries.",https://transport.ec.europa.eu/news-events/news/european-mobility-week-3000-cities-showcase-their-approaches-sustainable-urban-mobility-2023-09-15_en
13 September 2023,Evaluation confirms European Union Aviation Safety Agency (EASA) fit for purpose,A Commission evaluation of Regulation (EU) 2018/1139 on common rules in the field of civil aviation and establishing a European Union Aviation Safety Agency (‘EASA’) has given a positive appraisal of EASA’s performance and added value.,https://transport.ec.europa.eu/news-events/news/evaluation-confirms-european-union-aviation-safety-agency-easa-fit-purpose-2023-09-13_en
11 September 2023,Alternative fuels infrastructure: €352 million in EU funding for low-and zero-emission transport projects,The Commission announced 26 projects from 12 Member States that will receive funding to install alternative fuels infrastructure along the trans-European transport network (TEN-T).,https://transport.ec.europa.eu/news-events/news/alternative-fuels-infrastructure-eu352-million-eu-funding-low-and-zero-emission-transport-projects-2023-09-11_en
8 September 2023,Rail Transport: New harmonised EU standards to support cross-border rail,The Commission published a package of revised technical standards to improve rail interoperability across borders – the so-called ‘Technical Specifications for Interoperability’ (TSIs).,https://transport.ec.europa.eu/news-events/news/rail-transport-new-harmonised-eu-standards-support-cross-border-rail-2023-09-08_en
1 September 2023,Solidarity Lanes: European Commission team of experts visits Romania to discuss capacity of Danube corridor,"The programme includes visits to the port facilities and meetings with authorities, operators, transporters and traders. The discussions will focus on means to tackle bottlenecks, increase handling capacity, improve transit and streamline procedures and controls.",https://transport.ec.europa.euhttps://romania.representation.ec.europa.eu/news/o-echipa-de-experti-comisiei-europene-viziteaza-romania-perioada-1-2-septembrie-pentru-discuta-2023-08-31_ro
28 July 2023,Call for applications for the selection of members of a sub-group to the Expert Group on Road Infrastructure Safety,"Call for applications for the selection of members of the sub-group to the Expert Group on Road Infrastructure Safety entitled ""Forgiving roadsides and self explaining and self enforcing roads"".",https://transport.ec.europa.eu/news-events/news/call-applications-selection-members-sub-group-expert-group-road-infrastructure-safety-2023-07-28_en
25 July 2023,"European Green Deal: Energy Efficiency Directive, FuelEU Maritime Regulation and Alternative Fuel Infrastructure Regulation adopted, helping make the EU ‘Fit for 55'","The Commission welcomes the final approval today of the revised Energy Efficiency Directive, FuelEU Maritime Regulation, Alternative Fuel Infrastructure Regulation (AFIR), as part of the ‘Fit for 55' package of legislation to reduce EU greenhouse gas emissions by at least 55% by 2030.",https://transport.ec.europa.eu/news-events/news/european-green-deal-energy-efficiency-directive-fueleu-maritime-regulation-and-alternative-fuel-2023-07-25_en
14 July 2023,July Infringements package: key decisions,July Infringements package: key decisions,https://transport.ec.europa.euhttps://ec.europa.eu/commission/presscorner/detail/en/inf_23_3445
13 July 2023,Vacancy for an HR Officer (establishment of a reserve list) (Contract Agent– FGIV) at the Europe's Rail Joint Undertaking (EU-RAIL),The deadline for applications is 21/08/2023,https://transport.ec.europa.euhttps://rail-research.europa.eu/about-europes-rail/jobs/
11 July 2023,Green Deal: Greening freight for more economic gain with less environmental impact,"The Commission is today proposing measures to make freight transport more efficient and more sustainable, by improving rail infrastructure management, offering stronger incentives for low-emission lorries, and better information on freight transport greenhouse gas emissions.",https://transport.ec.europa.eu/news-events/news/green-deal-greening-freight-more-economic-gain-less-environmental-impact-2023-07-11_en
10 July 2023,Study sets out step-by-step plan for better EU rail connections with Ukraine and Moldova,"A study assessing the options for increasing rail connectivity and interoperability between the EU, Ukraine and Moldova has concluded that the first step to improving connections between Poland and Ukraine...",https://transport.ec.europa.eu/news-events/news/study-sets-out-step-step-plan-better-eu-rail-connections-ukraine-and-moldova-2023-07-10_en
7 July 2023,"Maritime transport emissions: Commission welcomes new IMO climate ambition for 2030, 2040 and 2050 and calls to set transition in motion",The Commission welcomes the agreement reached today at the International Maritime Organization (IMO) to revise its 2018 strategy on reducing greenhouse gas (GHG) emissions from ships.,https://transport.ec.europa.eu/news-events/news/maritime-transport-emissions-commission-welcomes-new-imo-climate-ambition-2030-2040-and-2050-and-2023-07-07_en
30 June 2023,Global Gateway: EU funded study opens the way for major investment into sustainable transport connections between the EU and Central Asia,The Commission published the results of the Study on Sustainable Transport Connections between Europe and Central Asia as one of the actions taken to implement the Global Gateway strategy.,https://transport.ec.europa.eu/news-events/news/global-gateway-eu-funded-study-opens-way-major-investment-sustainable-transport-connections-between-2023-06-30_en
26 June 2023,We collect #BikesForUkraine,We collect #BikesForUkraine,https://transport.ec.europa.euhttps://transport.ec.europa.eu/ukraine/we-collect-bikesforukraine_en
22 June 2023,"EU invests €6.2 billion in sustainable, safe and efficient transport infrastructure",The Commission has selected 107 transport infrastructure projects to receive over €6 billion in EU grants from the CEF.,https://transport.ec.europa.eu/news-events/news/eu-invests-eu62-billion-sustainable-safe-and-efficient-transport-infrastructure-2023-06-22_en
22 June 2023,Increasing public transport use in the EU: Commission adopts Interpretative Guidelines for public service obligations in land transport,"The Commission adopted revised Interpretative Guidelines on public passenger transport services by rail and road, presenting the Commission’s interpretation of key provisions within EU legislation.  The document improves legal certainty for all actors applying the EU legal framework.",https://transport.ec.europa.eu/news-events/news/increasing-public-transport-use-eu-commission-adopts-interpretative-guidelines-public-service-2023-06-22_en
19 June 2023,G7 Transport Ministerial Declaration,"The G7 Transport Ministers' Meeting is a meeting in which the G7 Transport Ministers and the EU Commissioner for Transport get together to take up important themes that determine the future of transportation (and therefore, the society as a whole) and to discuss key directions.",https://transport.ec.europa.eu/news-events/news/g7-transport-ministerial-declaration-2023-06-19_en
12 June 2023,EU-Ukraine Solidarity Lanes: new tool shows rail traffic situation,The ‘EU-Ukraine Visibility Map’ launched by transportation management platform Transporeon in collaboration with infrastructure managers’ association RailNetEurope.,https://transport.ec.europa.eu/news-events/news/eu-ukraine-solidarity-lanes-new-tool-shows-rail-traffic-situation-2023-06-12_en
9 June 2023,Sustainable transport: rules to boost intelligent transport systems for safer and more efficient transport agreed,The Commission welcomes the political agreement reached between the European Parliament and the Council on a proposal made by the Commission in 2021 on the revision of the Intelligent Transport Systems (ITS) Directive.,https://transport.ec.europa.eu/news-events/news/sustainable-transport-rules-boost-intelligent-transport-systems-safer-and-more-efficient-transport-2023-06-09_en
7 June 2023,Rail transport: passengers to enjoy better protection and smoother travel experience,"A new set of EU rules to strengthen rail passenger protection applies from today. As of now, passengers are better protected if their travel is disrupted, and railway companies must ensure a trouble-free travel experience for passengers with reduced mobility.",https://transport.ec.europa.eu/news-events/news/rail-transport-passengers-enjoy-better-protection-and-smoother-travel-experience-2023-06-07_en
6 June 2023,European Commission further integrates Ukraine into EU Single Market through the Connecting Europe Facility for infrastructure funding,"Commissioner for Transport Adina Vălean and Deputy Prime Minister for Restoration of Ukraine and Minister for Communities, Territories and Infrastructure Development Oleksandr Kubrakov, signed an agreement in Lviv, associating Ukraine to the Connecting Europe Facility (CEF) programme.",https://transport.ec.europa.eu/news-events/news/european-commission-further-integrates-ukraine-eu-single-market-through-connecting-europe-facility-2023-06-06_en
1 June 2023,Maritime safety: new proposals to support clean and modern shipping,The Commission presented five legislative proposals to modernise EU rules on maritime safety and prevent water pollution from ships.,https://transport.ec.europa.eu/news-events/news/maritime-safety-new-proposals-support-clean-and-modern-shipping-2023-06-01_en
1 June 2023,June infringement package: key decisions,June infringement package: key decisions,https://transport.ec.europa.euhttps://ec.europa.eu/commission/presscorner/detail/en/inf_23_2707
30 May 2023,"Joint Communiqué by the U.S. Department of Transportation Secretary Pete Buttigieg and the European Commissioner for Transport, Adina Vălean on transatlantic cooperation","Secretary of Transportation of the United States of America, Pete Buttigieg and European Commissioner for Transport, Adina Vălean, met on May 22, 2023, to discuss EU-U.S. support to Ukraine, ongoing cooperation in aviation and maritime transport, as well as issues of common interest in transport.",https://transport.ec.europa.eu/news-events/news/joint-communique-us-department-transportation-secretary-pete-buttigieg-and-european-commissioner-2023-05-30_en
24 May 2023,Road Transport: Commission proposes to adapt rules on driving and rest times for drivers of occasional bus and coach services,The Commission today proposed to adapt EU rules on breaks and rest periods for drivers to better reflect the nature of occasional bus and coach services. Drivers in this sector have a different work rhythm compared to those in freight or regular passenger transport.,https://transport.ec.europa.eu/news-events/news/road-transport-commission-proposes-adapt-rules-driving-and-rest-times-drivers-occasional-bus-and-2023-05-24_en
24 May 2023,Decarbonising aviation: European Commission to support development of sustainable aviation fuels around the world,The Commission announced support for the development of sustainable aviation fuels (SAF) under the International Civil Aviation Organization’s (ICAO) Capacity-building and Training for Sustainable Aviation Fuels programme (ACT-SAF)?,https://transport.ec.europa.eu/news-events/news/decarbonising-aviation-european-commission-support-development-sustainable-aviation-fuels-around-2023-05-24_en
16 May 2023,Connecting Europe: Commission signs high-level agreements with Western Balkans to improve transport links,"The Commission signed high-level agreements with Albania, Bosnia and Herzegovina, Kosovo, Montenegro, North Macedonia and Serbia.",https://transport.ec.europa.eu/news-events/news/connecting-europe-commission-signs-high-level-agreements-western-balkans-improve-transport-links-2023-05-16_en
9 May 2023,European Commission further integrates Moldova into EU Single Market through the Connecting Europe Facility for infrastructure funding,"Commissioner for Transport Adina Vălean and Moldova’s Prime Minister, Dorin Recean, signed an agreement in Chisinau, associating Moldova to the Connecting Europe Facility (CEF) programme.",https://transport.ec.europa.eu/news-events/news/european-commission-further-integrates-moldova-eu-single-market-through-connecting-europe-facility-2023-05-09_en
4 May 2023,Road transport emissions: Road charging advantages for efficient trailers,The Commission proposes to take into account the effect of trailers on the CO2 emissions of heavy-goods vehicles in road charging schemes that differentiate tolls based on vehicles’ CO2 emissions.,https://transport.ec.europa.eu/news-events/news/road-transport-emissions-road-charging-advantages-efficient-trailers-2023-05-04_en
3 May 2023,EU transport infrastructure: EUR 790 million available for military mobility,The Commission launches a call for proposals under the CEF for projects that address both civilian and defence needs along the trans-European transport network (TEN-T),https://transport.ec.europa.eu/news-events/news/eu-transport-infrastructure-eur-790-million-available-military-mobility-2023-05-03_en
27 April 2023,Urban Mobility Days,"Save the Date for Urban Mobility Days 2023 taking place from 4-6 October in Seville, Spain.",https://transport.ec.europa.euhttps://transport.ec.europa.eu/urbanmobilitydays_en
26 April 2023,European Green Deal: new law agreed to cut aviation emissions by promoting sustainable aviation fuels,The Commission welcomes the political agreement on the ReFuelEU Aviation proposal between the European Parliament and the Council.,https://transport.ec.europa.euhttps://ec.europa.eu/commission/presscorner/detail/en/ip_23_2389
21 April 2023,EU and India deepen ties at aviation summit,"The EU-India Aviation Summit in New Delhi confirmed the shared objective of further deepening EU-India political, technical, and industrial cooperation on aviation.",https://transport.ec.europa.eu/news-events/news/eu-and-india-deepen-ties-aviation-summit-2023-04-21_en
20 April 2023,EU – India Aviation Summit: Opening speech by Commissioner Adina Vălean,Opening speech by Commissioner Adina Vălean at the EU – India Aviation Summit.,https://transport.ec.europa.eu/news-events/news/eu-india-aviation-summit-opening-speech-commissioner-adina-valean-2023-04-20_en
19 April 2023,April Infringements package: key decisions,April Infringements package: key decisions,https://transport.ec.europa.euhttps://ec.europa.eu/commission/presscorner/detail/en/inf_23_1808
14 April 2023,Vacancy for a post of Executive Director (Temporary Agent– AD14) at the Europe's Rail Joint Undertaking (EU-RAIL),The deadline for applications is 15 May 2023 at 12.00 noon (Central European Time/ Brussels time),https://transport.ec.europa.euhttps://rail-research.europa.eu/about-europes-rail/jobs/
5 April 2023,Continuously open call for applications for the selection of member organisations of the Stakeholders Advisory Group on Maritime Security,The Commission is calling for applications with a view to renewing the membership of the informal expert group entitled ‘Stakeholders Advisory Group on Maritime Security’ by selecting members other than Member States' authorities.,https://transport.ec.europa.eu/news-events/news/continuously-open-call-applications-selection-member-organisations-stakeholders-advisory-group-2023-04-05_en
3 April 2023,First RLCF workshop: recent developments and projects to boost production and supply of renewable and low-carbon fuels,"RLCF Value Chain Industrial Alliance have held their first workshop, discussing the latest developments within the industry and presenting projects in areas such as feedstock sourcing, fuel production, and the uptake of aviation and maritime fuels.",https://transport.ec.europa.eu/news-events/news/first-rlcf-workshop-recent-developments-and-projects-boost-production-and-supply-renewable-and-low-2023-04-03_en
31 March 2023,Maritime transport: Commission continues to recognise Filipino seafarer’s certificates,"The Commission has decided to continue recognising certificates for seafarers issued by the Philippines, one of the world’s largest maritime labour supply countries.",https://transport.ec.europa.eu/news-events/news/maritime-transport-commission-continues-recognise-filipino-seafarers-certificates-2023-03-31_en
30 March 2023,European Commission publishes key indicators of road safety in Europe,The Commission has published the results of the Baseline project on 8 key performance indicators that influence road safety in Europe.,https://transport.ec.europa.euhttps://road-safety.transport.ec.europa.eu/news-events/news/european-commission-publishes-key-indicators-road-safety-europe-2023-03-30_en
28 March 2023,European Green Deal: ambitious new law agreed to deploy sufficient alternative fuels infrastructure,The Commission welcomes the political agreement reached between the European Parliament and the Council to boost the number of publicly accessible electric recharging and hydrogen refuelling stations in particular across the European Union's main transport corridors and hubs.,https://transport.ec.europa.euhttps://ec.europa.eu/commission/presscorner/detail/en/ip_23_1867
24 March 2023,European urban mobility awards: Braga and Metropolia GZM rewarded for their green mobility actions,The Commission presented the European urban mobility awards for 2022.,https://transport.ec.europa.eu/news-events/news/european-urban-mobility-awards-braga-and-metropolia-gzm-rewarded-their-green-mobility-actions-2023-03-24_en
23 March 2023,European Green Deal: Agreement reached on cutting maritime transport emissions by promoting sustainable fuels for shipping,"The Commission welcomes the political agreement reached between the Parliament and the Council that increases the maritime transport sector's contribution to reaching the EU-wide target of reducing net greenhouse gas emissions by at least 55% by 2030, and to achieving climate neutrality in 2050.",https://transport.ec.europa.euhttps://ec.europa.eu/commission/presscorner/detail/en/ip_23_1813
20 March 2023,Reducing transport emissions: Commission adopts guidelines to improve vehicle inspections,The European Commission today published a recommendation to improve the periodical technical inspection of vehicles.,https://transport.ec.europa.eu/news-events/news/reducing-transport-emissions-commission-adopts-guidelines-improve-vehicle-inspections-2023-03-20_en
15 March 2023,Alternative fuels infrastructure: €189 million in EU funding for projects supporting greener mobility,The Commission announced 26 projects from 12 Member States selected for funding to install alternative fuels infrastructure along the trans-European transport network (TEN-T).,https://transport.ec.europa.eu/news-events/news/alternative-fuels-infrastructure-eu189-million-eu-funding-projects-supporting-greener-mobility-2023-03-15_en
14 March 2023,No title,"The modernisation of 178 km of the Palermo-Catania line will reduce current travel times by a third, linking the two cities with a direct two-hour rail service, which will have a significant impact on economic, social, and sustainable development in Sicily.",No link
9 March 2023,Commission guides Member States on sustainable urban mobility planning,"On 8 March, the Commission adopted a Recommendation designed to help Member States support their towns and cities in cutting transport emissions and improving urban mobility.",https://transport.ec.europa.eu/news-events/news/commission-guides-member-states-sustainable-urban-mobility-planning-2023-03-09_en
7 March 2023,Sustainable Transport Forum – new membership appointments,Appointment of the Members of the group of experts on alternative transport fuels ('the Sustainable Transport Forum'),https://transport.ec.europa.eu/news-events/news/sustainable-transport-forum-new-membership-appointments-2023-03-07_en
1 March 2023,European Commission proposes updated requirements for driving licences and better cross-border enforcement of road traffic rules,Commission proposes updated requirements for driving licences and better cross-border enforcement of road traffic rules,https://transport.ec.europa.eu/news-events/news/european-commission-proposes-updated-requirements-driving-licences-and-better-cross-border-2023-03-01_en
28 February 2023,No title,The finalists for the EUROPEANMOBILITYWEEK award 2022 and the first-ever MOBILITYACTION award have been announced.,No link
21 February 2023,Road safety in the EU: fatalities below pre-pandemic levels but progress remains too slow,"Road safety in the EU 2022: Around 20,600 people were killed in road crashes last year",https://transport.ec.europa.eu/news-events/news/road-safety-eu-fatalities-below-pre-pandemic-levels-progress-remains-too-slow-2023-02-21_en
15 February 2023,February infringements package: key decisions,February infringements package: key decisions,https://transport.ec.europa.euhttps://ec.europa.eu/commission/presscorner/detail/en/inf_23_525
15 February 2023,Public workshop on the Multimodal Digital Mobility Services initiative,"The Commission will organise a stakeholder workshop on the ongoing impact assessment on the initiative on Multimodal Digital Mobility Services (MDMS), including the retained provisions from the Code of Conduct of Computerised Reservation Systems.",https://transport.ec.europa.eu/news-events/news/public-workshop-multimodal-digital-mobility-services-initiative-2023-02-15_en
9 February 2023,Union for the Mediterranean: Transport Ministers reaffirm Euro-Mediterranean cooperation,The Transport Ministers of the Union for the Mediterranean (UfM) reaffirmed the shared objectives of regional cooperation by adopting the UfM Ministerial Declaration and a new Regional Transport Action Plan (RTAP) when they met on 9 February.,https://transport.ec.europa.eu/news-events/news/union-mediterranean-transport-ministers-reaffirm-euro-mediterranean-cooperation-2023-02-09_en
3 February 2023,Maritime transport: supporting industry by reducing the administrative burden,The Commission is taking another important step today towards the implementation of the European Maritime Single Window environment (EMSWe) with the publication of a Delegated Regulation and an Implementing Regulation.,https://transport.ec.europa.eu/news-events/news/maritime-transport-supporting-industry-reducing-administrative-burden-2023-02-03_en
2 February 2023,Commission tables extension to EU-Ukraine road transport agreement,"The EU has proposed an extension to the temporary road transport agreement signed with Ukraine, which has allowed Ukrainian hauliers to increase their operations on EU roads by around 40%.",https://transport.ec.europa.eu/news-events/news/commission-tables-extension-eu-ukraine-road-transport-agreement-2023-02-02_en
2 February 2023,Multimodal Passenger Mobility Forum – final report,The Multimodal Passenger Mobility Forum (MPMF) was set up to assist the Commission in the preparation of policy initiatives in the field of sustainable multimodal mobility for passengers.,https://transport.ec.europa.eu/news-events/news/multimodal-passenger-mobility-forum-final-report-2023-02-02_en
1 February 2023,Public workshop on creating a common European mobility data space (EMDS),Stakeholder workshop for the upcoming Communication on creating a common European mobility data space (EMDS).,https://transport.ec.europa.eu/news-events/news/public-workshop-creating-common-european-mobility-data-space-emds-2023-02-01_en
31 January 2023,Stakeholder conference on mitigating the social impact of the transition to automation and digitalisation in transport,The Commission plans to issue a Recommendation in 2023 on means to mitigate the impact of the transition to automation and digitalisation on the transport workforce.,https://transport.ec.europa.eu/news-events/news/stakeholder-conference-mitigating-social-impact-transition-automation-and-digitalisation-transport-2023-01-31_en
31 January 2023,Connecting Europe by train: 10 EU pilot services to boost cross-border rail,The European Commission will support 10 pilot projects to establish new rail services or improve existing ones.,https://transport.ec.europa.eu/news-events/news/connecting-europe-train-10-eu-pilot-services-boost-cross-border-rail-2023-01-31_en
30 January 2023,CINEA launches a new public dashboard covering all of its projects and programmes,"The European Climate, Infrastructure and Environment Executive Agency (CINEA) has launched its online public dashboard bringing together all the programmes that have been entrusted to it by the European Commission.",https://transport.ec.europa.euhttps://cinea.ec.europa.eu/news-events/news/cinea-launches-new-public-dashboard-covering-all-its-projects-and-programmes-2023-01-30_en
26 January 2023,January Infringements package: key decisions,January Infringements package: key decisions,https://transport.ec.europa.euhttps://ec.europa.eu/commission/presscorner/detail/en/inf_23_142
26 January 2023,New EU rules on dedicated airspace for drones enter into force,"As of today, EU rules establishing a dedicated airspace for drones known as the U-space become applicable, allowing unmanned air service operators to provide a wider range of safe and efficient services.",https://transport.ec.europa.eu/news-events/news/new-eu-rules-dedicated-airspace-drones-enter-force-2023-01-26_en
25 January 2023,Factsheet: EU solidarity with Ukraine - latest figures,EU solidarity with Ukraine - latest figures on EU-Ukraine Solidarity Lanes and more,https://transport.ec.europa.euhttps://ec.europa.eu/commission/presscorner/detail/en/FS_22_3862
21 December 2022,EU transport infrastructure: speeding-up investment in military mobility,The Commission is speeding up the financing of 35 military mobility projects to support the transport of troops and equipment along the trans-European transport network (TEN-T).,https://transport.ec.europa.eu/news-events/news/eu-transport-infrastructure-speeding-investment-military-mobility-2022-12-21_en
20 December 2022,"""Europe for Aviation” teams up for Airspace World","The “Europe for Aviation” partners will come together at Airspace World (formerly World ATM Congress), from 8 to 10 March 2023 in Geneva, Switzerland.",https://transport.ec.europa.eu/news-events/news/europe-aviation-teams-airspace-world-2022-12-20_en
20 December 2022,New Mobility Patterns Study: insights into passenger mobility and urban logistics,"Results of a broad study on new mobility patterns, unveiling the mobility choices of citizens across the EU, and how the urban logistics sector is developing in 16 cities.",https://transport.ec.europa.eu/news-events/news/new-mobility-patterns-study-insights-passenger-mobility-and-urban-logistics-2022-12-20_en
19 December 2022,Future Mobility: €40 million EIB loan for Cabify to finance a zero-emission fleet of electric vehicles in Spain,"The EIB is providing the Spanish multi-mobility platform Cabify with a €40 million loan to decarbonise its fleet of vehicles in Spain, by increasing the availability of new electric vehicles and charging infrastructure across the country.",https://transport.ec.europa.eu/news-events/news/future-mobility-eu40-million-eib-loan-cabify-finance-zero-emission-fleet-electric-vehicles-spain-2022-12-19_en
16 December 2022,New shipping fuel standards to reduce sulphur oxides in the Mediterranean by 80%,"The Commission welcomes the agreement reached by the IMO to step up protection of the Mediterranean, with a considerable tightening of the rules on exhaust gases from ships.",https://transport.ec.europa.eu/news-events/news/new-shipping-fuel-standards-reduce-sulphur-oxides-mediterranean-80-2022-12-16_en
